[{"model": "auth.permission", "pk": 1, "fields": {"name": "Can add log entry", "content_type": 1, "codename": "add_logentry"}}, {"model": "auth.permission", "pk": 2, "fields": {"name": "Can change log entry", "content_type": 1, "codename": "change_logentry"}}, {"model": "auth.permission", "pk": 3, "fields": {"name": "Can delete log entry", "content_type": 1, "codename": "delete_logentry"}}, {"model": "auth.permission", "pk": 4, "fields": {"name": "Can view log entry", "content_type": 1, "codename": "view_logentry"}}, {"model": "auth.permission", "pk": 5, "fields": {"name": "Can add permission", "content_type": 2, "codename": "add_permission"}}, {"model": "auth.permission", "pk": 6, "fields": {"name": "Can change permission", "content_type": 2, "codename": "change_permission"}}, {"model": "auth.permission", "pk": 7, "fields": {"name": "Can delete permission", "content_type": 2, "codename": "delete_permission"}}, {"model": "auth.permission", "pk": 8, "fields": {"name": "Can view permission", "content_type": 2, "codename": "view_permission"}}, {"model": "auth.permission", "pk": 9, "fields": {"name": "Can add group", "content_type": 3, "codename": "add_group"}}, {"model": "auth.permission", "pk": 10, "fields": {"name": "Can change group", "content_type": 3, "codename": "change_group"}}, {"model": "auth.permission", "pk": 11, "fields": {"name": "Can delete group", "content_type": 3, "codename": "delete_group"}}, {"model": "auth.permission", "pk": 12, "fields": {"name": "Can view group", "content_type": 3, "codename": "view_group"}}, {"model": "auth.permission", "pk": 13, "fields": {"name": "Can add content type", "content_type": 4, "codename": "add_contenttype"}}, {"model": "auth.permission", "pk": 14, "fields": {"name": "Can change content type", "content_type": 4, "codename": "change_contenttype"}}, {"model": "auth.permission", "pk": 15, "fields": {"name": "Can delete content type", "content_type": 4, "codename": "delete_contenttype"}}, {"model": "auth.permission", "pk": 16, "fields": {"name": "Can view content type", "content_type": 4, "codename": "view_contenttype"}}, {"model": "auth.permission", "pk": 17, "fields": {"name": "Can add session", "content_type": 5, "codename": "add_session"}}, {"model": "auth.permission", "pk": 18, "fields": {"name": "Can change session", "content_type": 5, "codename": "change_session"}}, {"model": "auth.permission", "pk": 19, "fields": {"name": "Can delete session", "content_type": 5, "codename": "delete_session"}}, {"model": "auth.permission", "pk": 20, "fields": {"name": "Can view session", "content_type": 5, "codename": "view_session"}}, {"model": "auth.permission", "pk": 21, "fields": {"name": "Can add user", "content_type": 6, "codename": "add_customuser"}}, {"model": "auth.permission", "pk": 22, "fields": {"name": "Can change user", "content_type": 6, "codename": "change_customuser"}}, {"model": "auth.permission", "pk": 23, "fields": {"name": "Can delete user", "content_type": 6, "codename": "delete_customuser"}}, {"model": "auth.permission", "pk": 24, "fields": {"name": "Can view user", "content_type": 6, "codename": "view_customuser"}}, {"model": "auth.permission", "pk": 25, "fields": {"name": "Can add activity log", "content_type": 7, "codename": "add_activitylog"}}, {"model": "auth.permission", "pk": 26, "fields": {"name": "Can change activity log", "content_type": 7, "codename": "change_activitylog"}}, {"model": "auth.permission", "pk": 27, "fields": {"name": "Can delete activity log", "content_type": 7, "codename": "delete_activitylog"}}, {"model": "auth.permission", "pk": 28, "fields": {"name": "Can view activity log", "content_type": 7, "codename": "view_activitylog"}}, {"model": "auth.permission", "pk": 29, "fields": {"name": "Can add Malicious Keyword", "content_type": 8, "codename": "add_maliciouskeyword"}}, {"model": "auth.permission", "pk": 30, "fields": {"name": "Can change Malicious Keyword", "content_type": 8, "codename": "change_maliciouskeyword"}}, {"model": "auth.permission", "pk": 31, "fields": {"name": "Can delete Malicious Keyword", "content_type": 8, "codename": "delete_maliciouskeyword"}}, {"model": "auth.permission", "pk": 32, "fields": {"name": "Can view Malicious Keyword", "content_type": 8, "codename": "view_maliciouskeyword"}}, {"model": "auth.permission", "pk": 33, "fields": {"name": "Can add Scan History", "content_type": 9, "codename": "add_scanhistory"}}, {"model": "auth.permission", "pk": 34, "fields": {"name": "Can change Scan History", "content_type": 9, "codename": "change_scanhistory"}}, {"model": "auth.permission", "pk": 35, "fields": {"name": "Can delete Scan History", "content_type": 9, "codename": "delete_scanhistory"}}, {"model": "auth.permission", "pk": 36, "fields": {"name": "Can view Scan History", "content_type": 9, "codename": "view_scanhistory"}}, {"model": "auth.permission", "pk": 37, "fields": {"name": "Can add Domain Scan Summary", "content_type": 10, "codename": "add_domainscansummary"}}, {"model": "auth.permission", "pk": 38, "fields": {"name": "Can change Domain Scan Summary", "content_type": 10, "codename": "change_domainscansummary"}}, {"model": "auth.permission", "pk": 39, "fields": {"name": "Can delete Domain Scan Summary", "content_type": 10, "codename": "delete_domainscansummary"}}, {"model": "auth.permission", "pk": 40, "fields": {"name": "Can view Domain Scan Summary", "content_type": 10, "codename": "view_domainscansummary"}}, {"model": "contenttypes.contenttype", "pk": 1, "fields": {"app_label": "admin", "model": "logentry"}}, {"model": "contenttypes.contenttype", "pk": 2, "fields": {"app_label": "auth", "model": "permission"}}, {"model": "contenttypes.contenttype", "pk": 3, "fields": {"app_label": "auth", "model": "group"}}, {"model": "contenttypes.contenttype", "pk": 4, "fields": {"app_label": "contenttypes", "model": "contenttype"}}, {"model": "contenttypes.contenttype", "pk": 5, "fields": {"app_label": "sessions", "model": "session"}}, {"model": "contenttypes.contenttype", "pk": 6, "fields": {"app_label": "scanner", "model": "customuser"}}, {"model": "contenttypes.contenttype", "pk": 7, "fields": {"app_label": "scanner", "model": "activitylog"}}, {"model": "contenttypes.contenttype", "pk": 8, "fields": {"app_label": "scanner", "model": "maliciouskeyword"}}, {"model": "contenttypes.contenttype", "pk": 9, "fields": {"app_label": "scanner", "model": "scanhistory"}}, {"model": "contenttypes.contenttype", "pk": 10, "fields": {"app_label": "scanner", "model": "domainscansummary"}}, {"model": "sessions.session", "pk": "51ww0ogpenvq7282mxhoqx5s2xow0eu3", "fields": {"session_data": ".eJxVjEEOwiAQRe_C2hBooYBL956BDDODVA0kpV0Z765NutDtf-_9l4iwrSVunZc4kzgLLU6_WwJ8cN0B3aHemsRW12VOclfkQbu8NuLn5XD_Dgr08q29VTiABhd0Zs4ASSdKNGVyeULvMWlg5ZQx7I0fRmc9hYxmDJYDIYj3BxNhOP4:1vE5k0:df9vnyn1EwV71msRxugJzbdaRfflg2HFE1TC-h-xc4o", "expire_date": "2025-11-12T12:57:28.289Z"}}, {"model": "scanner.customuser", "pk": 1, "fields": {"password": "pbkdf2_sha256$1000000$R7Wu8hheJ61lSKYDf0PH1H$UaQUjlbphH6RuuMTMLaDt7Q0ldca1hBJdk6wUq3Ry1Q=", "last_login": "2025-10-29T12:57:28.277Z", "is_superuser": true, "username": "masud", "first_name": "", "last_name": "", "email": "masud@gmail.com", "is_staff": true, "is_active": true, "date_joined": "2025-10-24T13:46:30.129Z", "organization_name": null, "user_api_key": null, "role": "user", "groups": [], "user_permissions": []}}, {"model": "scanner.customuser", "pk": 2, "fields": {"password": "pbkdf2_sha256$1000000$f55QjIVfPMIh1ZO4isfqS2$1RwTPYEtD6zcNJmdqJh9uoDJc+Wwuk+gLvcLBuO6U/Q=", "last_login": "2025-10-29T12:52:08.859Z", "is_superuser": false, "username": "client", "first_name": "cahaslab", "last_name": "haro", "email": "haro@gmail.com", "is_staff": true, "is_active": true, "date_joined": "2025-10-26T13:05:29.735Z", "organization_name": "udinus", "user_api_key": null, "role": "user", "groups": [], "user_permissions": []}}, {"model": "scanner.customuser", "pk": 3, "fields": {"password": "pbkdf2_sha256$1000000$O6bPrDZuC7A6zMwzXgKGpm$sN3CJcvtr2BV1IDNDC3K7SAKueTMk4eRQbh1xHNSrcc=", "last_login": "2025-10-29T08:25:00.780Z", "is_superuser": false, "username": "client2", "first_name": "cahaslab", "last_name": "haro", "email": "haro@gmail.com", "is_staff": true, "is_active": true, "date_joined": "2025-10-29T08:24:29.803Z", "organization_name": "udinus", "user_api_key": null, "role": "user", "groups": [], "user_permissions": []}}, {"model": "scanner.activitylog", "pk": 1, "fields": {"user": 1, "timestamp": "2025-10-24T15:43:56.133Z", "organization_name": null, "action": "SCAN_FAIL", "details": "domain: unwahas.ac.id, error: 'int' object has no attribute 'replace'"}}, {"model": "scanner.activitylog", "pk": 2, "fields": {"user": 1, "timestamp": "2025-10-24T15:45:49.006Z", "organization_name": null, "action": "SCAN_FAIL", "details": "domain: unwahas.ac.id, error: 'int' object has no attribute 'replace'"}}, {"model": "scanner.activitylog", "pk": 3, "fields": {"user": 1, "timestamp": "2025-10-24T16:32:38.864Z", "organization_name": null, "action": "SCAN_FAIL", "details": "domain: unwahas.ac.id, error: 'int' object has no attribute 'replace'"}}, {"model": "scanner.activitylog", "pk": 4, "fields": {"user": 1, "timestamp": "2025-10-24T17:09:19.159Z", "organization_name": null, "action": "SCAN_FAIL", "details": "domain: unwahas.ac.id, error: 'int' object has no attribute 'replace'"}}, {"model": "scanner.activitylog", "pk": 5, "fields": {"user": 1, "timestamp": "2025-10-24T17:20:15.525Z", "organization_name": null, "action": "SCAN_COMPLETE", "details": "domain: unwahas.ac.id, type: Komprehensif (Google + Crawling), status: completed"}}, {"model": "scanner.activitylog", "pk": 6, "fields": {"user": 1, "timestamp": "2025-10-24T17:26:38.276Z", "organization_name": null, "action": "SCAN_COMPLETE", "details": "domain: unaki.ac.id, type: Komprehensif (Google + Crawling), status: completed"}}, {"model": "scanner.activitylog", "pk": 7, "fields": {"user": 1, "timestamp": "2025-10-24T17:36:47.221Z", "organization_name": null, "action": "SCAN_COMPLETE", "details": "domain: unaki.ac.id, type: Komprehensif (Google + Crawling), status: completed"}}, {"model": "scanner.activitylog", "pk": 8, "fields": {"user": 1, "timestamp": "2025-10-24T17:40:43.652Z", "organization_name": null, "action": "SCAN_COMPLETE", "details": "domain: unaki.ac.id, type: Komprehensif (Google + Crawling), status: completed"}}, {"model": "scanner.activitylog", "pk": 9, "fields": {"user": 1, "timestamp": "2025-10-24T17:41:54.814Z", "organization_name": null, "action": "SCAN_COMPLETE", "details": "domain: unaki.ac.id, type: Komprehensif (Google + Crawling), status: completed"}}, {"model": "scanner.activitylog", "pk": 10, "fields": {"user": 1, "timestamp": "2025-10-24T17:42:15.821Z", "organization_name": null, "action": "SCAN_COMPLETE", "details": "domain: unaki.ac.id, type: Komprehensif (Google + Crawling), status: completed"}}, {"model": "scanner.activitylog", "pk": 11, "fields": {"user": 1, "timestamp": "2025-10-24T17:42:43.099Z", "organization_name": null, "action": "SCAN_COMPLETE", "details": "domain: unaki.ac.id, type: Komprehensif (Google + Crawling), status: completed"}}, {"model": "scanner.activitylog", "pk": 12, "fields": {"user": 1, "timestamp": "2025-10-24T22:09:36.174Z", "organization_name": null, "action": "SCAN_COMPLETE", "details": "domain: unaki.ac.id, type: Komprehensif (Google + Crawling), status: completed"}}, {"model": "scanner.activitylog", "pk": 13, "fields": {"user": 1, "timestamp": "2025-10-24T22:15:04.017Z", "organization_name": null, "action": "SCAN_COMPLETE", "details": "domain: unaki.ac.id, type: Cepat (Google Only), status: completed"}}, {"model": "scanner.activitylog", "pk": 14, "fields": {"user": 1, "timestamp": "2025-10-24T22:16:50.650Z", "organization_name": null, "action": "SCAN_COMPLETE", "details": "domain: unaki.ac.id, type: Cepat (Google Only), status: completed"}}, {"model": "scanner.activitylog", "pk": 15, "fields": {"user": 1, "timestamp": "2025-10-24T22:27:34.735Z", "organization_name": null, "action": "SCAN_COMPLETE", "details": "domain: unaki.ac.id, type: Cepat (Google Only), status: completed"}}, {"model": "scanner.activitylog", "pk": 16, "fields": {"user": 1, "timestamp": "2025-10-24T22:32:46.347Z", "organization_name": null, "action": "SCAN_COMPLETE", "details": "domain: unaki.ac.id, type: Komprehensif (Google + Crawling), status: completed"}}, {"model": "scanner.activitylog", "pk": 17, "fields": {"user": 1, "timestamp": "2025-10-24T22:52:59.194Z", "organization_name": null, "action": "SCAN_COMPLETE", "details": "domain: unaki.ac.id, type: Komprehensif (Google + Crawling), status: completed"}}, {"model": "scanner.activitylog", "pk": 18, "fields": {"user": 1, "timestamp": "2025-10-24T22:55:00.011Z", "organization_name": null, "action": "DATASET_ADD", "details": "Validated scan result: https://unakiinsight.unaki.ac.id/ -> pornografi"}}, {"model": "scanner.activitylog", "pk": 19, "fields": {"user": 1, "timestamp": "2025-10-24T22:58:48.941Z", "organization_name": null, "action": "SCAN_COMPLETE", "details": "domain: unaki.ac.id, type: Komprehensif (Google + Crawling), status: completed"}}, {"model": "scanner.activitylog", "pk": 20, "fields": {"user": 1, "timestamp": "2025-10-24T23:01:11.388Z", "organization_name": null, "action": "SCAN_COMPLETE", "details": "domain: unaki.ac.id, type: Komprehensif (Google + Crawling), status: completed"}}, {"model": "scanner.activitylog", "pk": 21, "fields": {"user": 1, "timestamp": "2025-10-24T23:01:21.629Z", "organization_name": null, "action": "SCAN_COMPLETE", "details": "domain: unaki.ac.id, type: Komprehensif (Google + Crawling), status: completed"}}, {"model": "scanner.activitylog", "pk": 22, "fields": {"user": 1, "timestamp": "2025-10-24T23:42:42.534Z", "organization_name": null, "action": "SCAN_COMPLETE", "details": "domain: unaki.ac.id, type: Komprehensif (Google + Crawling), status: completed"}}, {"model": "scanner.activitylog", "pk": 23, "fields": {"user": 1, "timestamp": "2025-10-25T00:07:46.839Z", "organization_name": null, "action": "SCAN_COMPLETE", "details": "domain: unaki.ac.id, type: Cepat (Google Only), status: completed"}}, {"model": "scanner.activitylog", "pk": 24, "fields": {"user": 1, "timestamp": "2025-10-25T00:13:33.032Z", "organization_name": null, "action": "SCAN_COMPLETE", "details": "domain: unaki.ac.id, type: Cepat (Google Only), status: completed"}}, {"model": "scanner.activitylog", "pk": 25, "fields": {"user": 1, "timestamp": "2025-10-25T01:28:22.215Z", "organization_name": null, "action": "SCAN_COMPLETE", "details": "domain: unaki.ac.id, type: Cepat (Google Only), status: completed"}}, {"model": "scanner.activitylog", "pk": 26, "fields": {"user": 1, "timestamp": "2025-10-25T01:52:02.400Z", "organization_name": null, "action": "SCAN_COMPLETE", "details": "domain: unaki.ac.id, type: Cepat (Google Only), status: completed"}}, {"model": "scanner.activitylog", "pk": 27, "fields": {"user": 1, "timestamp": "2025-10-25T02:29:47.575Z", "organization_name": null, "action": "SCAN_COMPLETE", "details": "domain: unaki.ac.id, type: Komprehensif (Google + Crawling), status: completed"}}, {"model": "scanner.activitylog", "pk": 28, "fields": {"user": 1, "timestamp": "2025-10-25T02:33:22.968Z", "organization_name": null, "action": "DATASET_ADD", "details": "Validated scan result: https://kemahasiswaan.unaki.ac.id/media/?id=CHUBBY+PORN -> pornografi"}}, {"model": "scanner.activitylog", "pk": 29, "fields": {"user": 1, "timestamp": "2025-10-25T02:36:25.046Z", "organization_name": null, "action": "DATASET_ADD", "details": "Validated scan result: https://kemahasiswaan.unaki.ac.id/media/?id=bokep+barat -> pornografi"}}, {"model": "scanner.activitylog", "pk": 30, "fields": {"user": 1, "timestamp": "2025-10-25T02:41:23.223Z", "organization_name": null, "action": "SCAN_COMPLETE", "details": "domain: unaki.ac.id, type: Komprehensif (Google + Crawling), status: completed"}}, {"model": "scanner.activitylog", "pk": 31, "fields": {"user": 1, "timestamp": "2025-10-25T15:35:40.570Z", "organization_name": null, "action": "KEYWORD_ADD", "details": "Added keyword: slot"}}, {"model": "scanner.activitylog", "pk": 32, "fields": {"user": 1, "timestamp": "2025-10-25T15:36:27.905Z", "organization_name": null, "action": "KEYWORD_ADD", "details": "Added keyword: gacor"}}, {"model": "scanner.activitylog", "pk": 33, "fields": {"user": 1, "timestamp": "2025-10-25T15:36:37.976Z", "organization_name": null, "action": "KEYWORD_ADD", "details": "Added keyword: judi"}}, {"model": "scanner.activitylog", "pk": 34, "fields": {"user": 1, "timestamp": "2025-10-25T15:37:59.562Z", "organization_name": null, "action": "KEYWORD_ADD", "details": "Added keyword: poker"}}, {"model": "scanner.activitylog", "pk": 35, "fields": {"user": 1, "timestamp": "2025-10-25T15:38:09.179Z", "organization_name": null, "action": "KEYWORD_ADD", "details": "Added keyword: toto"}}, {"model": "scanner.activitylog", "pk": 36, "fields": {"user": 1, "timestamp": "2025-10-25T15:38:18.005Z", "organization_name": null, "action": "KEYWORD_ADD", "details": "Added keyword: casino"}}, {"model": "scanner.activitylog", "pk": 37, "fields": {"user": 1, "timestamp": "2025-10-25T15:38:29.195Z", "organization_name": null, "action": "KEYWORD_ADD", "details": "Added keyword: togel"}}, {"model": "scanner.activitylog", "pk": 38, "fields": {"user": 1, "timestamp": "2025-10-25T15:38:38.724Z", "organization_name": null, "action": "KEYWORD_ADD", "details": "Added keyword: sbobet"}}, {"model": "scanner.activitylog", "pk": 39, "fields": {"user": 1, "timestamp": "2025-10-25T15:38:50.607Z", "organization_name": null, "action": "KEYWORD_ADD", "details": "Added keyword: deposit pulsa"}}, {"model": "scanner.activitylog", "pk": 40, "fields": {"user": 1, "timestamp": "2025-10-25T15:39:00.414Z", "organization_name": null, "action": "KEYWORD_ADD", "details": "Added keyword: bokep"}}, {"model": "scanner.activitylog", "pk": 41, "fields": {"user": 1, "timestamp": "2025-10-25T15:39:18.755Z", "organization_name": null, "action": "KEYWORD_ADD", "details": "Added keyword: porn"}}, {"model": "scanner.activitylog", "pk": 42, "fields": {"user": 1, "timestamp": "2025-10-25T15:39:37.369Z", "organization_name": null, "action": "KEYWORD_ADD", "details": "Added keyword: xxx"}}, {"model": "scanner.activitylog", "pk": 43, "fields": {"user": 1, "timestamp": "2025-10-25T15:39:51.181Z", "organization_name": null, "action": "KEYWORD_ADD", "details": "Added keyword: nonton film dewasa"}}, {"model": "scanner.activitylog", "pk": 44, "fields": {"user": 1, "timestamp": "2025-10-25T15:40:10.933Z", "organization_name": null, "action": "KEYWORD_ADD", "details": "Added keyword: hacked"}}, {"model": "scanner.activitylog", "pk": 45, "fields": {"user": 1, "timestamp": "2025-10-25T15:40:25.965Z", "organization_name": null, "action": "KEYWORD_ADD", "details": "Added keyword: defaced"}}, {"model": "scanner.activitylog", "pk": 46, "fields": {"user": 1, "timestamp": "2025-10-25T15:40:43.282Z", "organization_name": null, "action": "KEYWORD_ADD", "details": "Added keyword: gambling"}}, {"model": "scanner.activitylog", "pk": 47, "fields": {"user": 1, "timestamp": "2025-10-25T15:40:52.047Z", "organization_name": null, "action": "KEYWORD_ADD", "details": "Added keyword: betting"}}, {"model": "scanner.activitylog", "pk": 48, "fields": {"user": 1, "timestamp": "2025-10-25T15:40:58.646Z", "organization_name": null, "action": "KEYWORD_ADD", "details": "Added keyword: taruhan"}}, {"model": "scanner.activitylog", "pk": 49, "fields": {"user": 1, "timestamp": "2025-10-25T15:41:13.380Z", "organization_name": null, "action": "KEYWORD_ADD", "details": "Added keyword: nonton bokep"}}, {"model": "scanner.activitylog", "pk": 50, "fields": {"user": 1, "timestamp": "2025-10-25T15:41:27.224Z", "organization_name": null, "action": "KEYWORD_ADD", "details": "Added keyword: download bokep"}}, {"model": "scanner.activitylog", "pk": 51, "fields": {"user": 1, "timestamp": "2025-10-25T15:41:39.256Z", "organization_name": null, "action": "KEYWORD_EDIT", "details": "Edited keyword: xxx"}}, {"model": "scanner.activitylog", "pk": 52, "fields": {"user": 1, "timestamp": "2025-10-25T15:41:47.793Z", "organization_name": null, "action": "KEYWORD_EDIT", "details": "Edited keyword: nonton bokep"}}, {"model": "scanner.activitylog", "pk": 53, "fields": {"user": 1, "timestamp": "2025-10-25T15:41:55.751Z", "organization_name": null, "action": "KEYWORD_EDIT", "details": "Edited keyword: nonton film dewasa"}}, {"model": "scanner.activitylog", "pk": 54, "fields": {"user": 1, "timestamp": "2025-10-25T15:42:29.514Z", "organization_name": null, "action": "KEYWORD_ADD", "details": "Added keyword: hack by"}}, {"model": "scanner.activitylog", "pk": 55, "fields": {"user": 1, "timestamp": "2025-10-25T15:43:06.433Z", "organization_name": null, "action": "KEYWORD_ADD", "details": "Added keyword: maxwin"}}, {"model": "scanner.activitylog", "pk": 56, "fields": {"user": 1, "timestamp": "2025-10-25T16:01:57.067Z", "organization_name": null, "action": "SCAN_COMPLETE", "details": "domain: unaki.ac.id, type: Komprehensif (Google + Crawling), status: completed"}}, {"model": "scanner.activitylog", "pk": 57, "fields": {"user": 1, "timestamp": "2025-10-25T16:02:55.821Z", "organization_name": null, "action": "DATASET_ADD", "details": "Validated scan result: https://kemahasiswaan.unaki.ac.id/web-page2/?seo_id=nonton+bokep+18%2B -> pornografi"}}, {"model": "scanner.activitylog", "pk": 58, "fields": {"user": 1, "timestamp": "2025-10-25T16:03:43.455Z", "organization_name": null, "action": "DATASET_ADD", "details": "Validated scan result: https://kemahasiswaan.unaki.ac.id/media/?id=BOKEP%20SEDARAH -> pornografi"}}, {"model": "scanner.activitylog", "pk": 59, "fields": {"user": 1, "timestamp": "2025-10-25T16:03:53.406Z", "organization_name": null, "action": "DATASET_ADD", "details": "Validated scan result: https://kemahasiswaan.unaki.ac.id/media/?id=janda+bokep -> pornografi"}}, {"model": "scanner.activitylog", "pk": 60, "fields": {"user": 1, "timestamp": "2025-10-25T16:05:00.475Z", "organization_name": null, "action": "SCAN_COMPLETE", "details": "domain: unaki.ac.id, type: Komprehensif (Google + Crawling), status: completed"}}, {"model": "scanner.activitylog", "pk": 61, "fields": {"user": 1, "timestamp": "2025-10-25T16:06:10.865Z", "organization_name": null, "action": "KEYWORD_ADD", "details": "Added keyword: domino"}}, {"model": "scanner.activitylog", "pk": 62, "fields": {"user": 1, "timestamp": "2025-10-25T16:06:47.749Z", "organization_name": null, "action": "KEYWORD_ADD", "details": "Added keyword: jacpot"}}, {"model": "scanner.activitylog", "pk": 63, "fields": {"user": 1, "timestamp": "2025-10-25T16:06:57.663Z", "organization_name": null, "action": "KEYWORD_ADD", "details": "Added keyword: bandar"}}, {"model": "scanner.activitylog", "pk": 64, "fields": {"user": 1, "timestamp": "2025-10-25T16:07:14.054Z", "organization_name": null, "action": "KEYWORD_ADD", "details": "Added keyword: sabung"}}, {"model": "scanner.activitylog", "pk": 65, "fields": {"user": 1, "timestamp": "2025-10-25T16:08:24.052Z", "organization_name": null, "action": "KEYWORD_ADD", "details": "Added keyword: malware"}}, {"model": "scanner.activitylog", "pk": 66, "fields": {"user": 1, "timestamp": "2025-10-25T16:08:50.651Z", "organization_name": null, "action": "KEYWORD_ADD", "details": "Added keyword: sql injection"}}, {"model": "scanner.activitylog", "pk": 67, "fields": {"user": 1, "timestamp": "2025-10-25T16:09:02.771Z", "organization_name": null, "action": "KEYWORD_ADD", "details": "Added keyword: xss"}}, {"model": "scanner.activitylog", "pk": 68, "fields": {"user": 1, "timestamp": "2025-10-25T16:09:18.537Z", "organization_name": null, "action": "KEYWORD_ADD", "details": "Added keyword: crack"}}, {"model": "scanner.activitylog", "pk": 69, "fields": {"user": 1, "timestamp": "2025-10-25T16:09:43.664Z", "organization_name": null, "action": "KEYWORD_ADD", "details": "Added keyword: vulnerability"}}, {"model": "scanner.activitylog", "pk": 70, "fields": {"user": 1, "timestamp": "2025-10-25T16:09:56.949Z", "organization_name": null, "action": "KEYWORD_ADD", "details": "Added keyword: backdoor"}}, {"model": "scanner.activitylog", "pk": 71, "fields": {"user": 1, "timestamp": "2025-10-25T16:10:08.502Z", "organization_name": null, "action": "KEYWORD_ADD", "details": "Added keyword: greyhat"}}, {"model": "scanner.activitylog", "pk": 72, "fields": {"user": 1, "timestamp": "2025-10-25T16:10:19.808Z", "organization_name": null, "action": "KEYWORD_ADD", "details": "Added keyword: zone-h"}}, {"model": "scanner.activitylog", "pk": 73, "fields": {"user": 1, "timestamp": "2025-10-25T16:11:18.027Z", "organization_name": null, "action": "KEYWORD_ADD", "details": "Added keyword: -fullversion"}}, {"model": "scanner.activitylog", "pk": 74, "fields": {"user": 1, "timestamp": "2025-10-25T16:12:53.972Z", "organization_name": null, "action": "KEYWORD_ADD", "details": "Added keyword: hentai"}}, {"model": "scanner.activitylog", "pk": 75, "fields": {"user": 1, "timestamp": "2025-10-25T16:13:15.868Z", "organization_name": null, "action": "KEYWORD_ADD", "details": "Added keyword: jav"}}, {"model": "scanner.activitylog", "pk": 76, "fields": {"user": 1, "timestamp": "2025-10-25T16:13:29.186Z", "organization_name": null, "action": "KEYWORD_ADD", "details": "Added keyword: memek"}}, {"model": "scanner.activitylog", "pk": 77, "fields": {"user": 1, "timestamp": "2025-10-25T16:13:52.479Z", "organization_name": null, "action": "KEYWORD_ADD", "details": "Added keyword: blowjob"}}, {"model": "scanner.activitylog", "pk": 78, "fields": {"user": 1, "timestamp": "2025-10-25T16:14:02.684Z", "organization_name": null, "action": "KEYWORD_EDIT", "details": "Edited keyword: jav"}}, {"model": "scanner.activitylog", "pk": 79, "fields": {"user": 1, "timestamp": "2025-10-25T16:14:11.719Z", "organization_name": null, "action": "KEYWORD_EDIT", "details": "Edited keyword: memek"}}, {"model": "scanner.activitylog", "pk": 80, "fields": {"user": 1, "timestamp": "2025-10-25T16:14:49.877Z", "organization_name": null, "action": "KEYWORD_ADD", "details": "Added keyword: orgasm"}}, {"model": "scanner.activitylog", "pk": 81, "fields": {"user": 1, "timestamp": "2025-10-25T16:15:02.069Z", "organization_name": null, "action": "KEYWORD_ADD", "details": "Added keyword: pussy"}}, {"model": "scanner.activitylog", "pk": 82, "fields": {"user": 1, "timestamp": "2025-10-25T16:15:10.971Z", "organization_name": null, "action": "KEYWORD_ADD", "details": "Added keyword: fuck"}}, {"model": "scanner.activitylog", "pk": 83, "fields": {"user": 1, "timestamp": "2025-10-25T16:15:20.619Z", "organization_name": null, "action": "KEYWORD_ADD", "details": "Added keyword: hot"}}, {"model": "scanner.activitylog", "pk": 84, "fields": {"user": 1, "timestamp": "2025-10-25T16:15:30.943Z", "organization_name": null, "action": "KEYWORD_ADD", "details": "Added keyword: sexy"}}, {"model": "scanner.activitylog", "pk": 85, "fields": {"user": 1, "timestamp": "2025-10-25T16:15:48.720Z", "organization_name": null, "action": "KEYWORD_ADD", "details": "Added keyword: hardcore"}}, {"model": "scanner.activitylog", "pk": 86, "fields": {"user": 1, "timestamp": "2025-10-25T16:16:11.283Z", "organization_name": null, "action": "KEYWORD_ADD", "details": "Added keyword: webcam"}}, {"model": "scanner.activitylog", "pk": 87, "fields": {"user": 1, "timestamp": "2025-10-25T16:20:43.617Z", "organization_name": null, "action": "SCAN_COMPLETE", "details": "domain: unwahas.ac.id, type: Komprehensif (Google + Crawling), status: completed"}}, {"model": "scanner.activitylog", "pk": 88, "fields": {"user": 1, "timestamp": "2025-10-25T16:39:29.572Z", "organization_name": null, "action": "SCAN_COMPLETE", "details": "domain: unaki.ac.id, type: Komprehensif (Google + Crawling), status: completed"}}, {"model": "scanner.activitylog", "pk": 89, "fields": {"user": 1, "timestamp": "2025-10-25T17:05:31.682Z", "organization_name": null, "action": "SCAN_FAIL", "details": "domain: unaki.ac.id, error: 'verification_status'"}}, {"model": "scanner.activitylog", "pk": 90, "fields": {"user": 1, "timestamp": "2025-10-25T17:19:40.582Z", "organization_name": null, "action": "SCAN_FAIL", "details": "domain: unaki.ac.id, error: 'verification_status'"}}, {"model": "scanner.activitylog", "pk": 91, "fields": {"user": 1, "timestamp": "2025-10-26T02:20:48.732Z", "organization_name": null, "action": "SCAN_COMPLETE", "details": "domain: unaki.ac.id, type: Komprehensif (Google + Crawling), status: completed"}}, {"model": "scanner.activitylog", "pk": 92, "fields": {"user": 1, "timestamp": "2025-10-26T02:30:25.259Z", "organization_name": null, "action": "SCAN_COMPLETE", "details": "domain: unad.ac.id, type: Komprehensif (Google + Crawling), status: completed"}}, {"model": "scanner.activitylog", "pk": 93, "fields": {"user": 1, "timestamp": "2025-10-26T02:47:06.934Z", "organization_name": null, "action": "SCAN_COMPLETE", "details": "domain: unand.ac.id, type: Komprehensif (Google + Crawling), status: completed"}}, {"model": "scanner.activitylog", "pk": 94, "fields": {"user": 1, "timestamp": "2025-10-26T02:49:23.926Z", "organization_name": null, "action": "SCAN_COMPLETE", "details": "domain: bfans18.site, type: Komprehensif (Google + Crawling), status: completed"}}, {"model": "scanner.activitylog", "pk": 95, "fields": {"user": 1, "timestamp": "2025-10-26T02:49:36.775Z", "organization_name": null, "action": "SCAN_COMPLETE", "details": "domain: bfans18.site, type: Cepat (Google Only), status: completed"}}, {"model": "scanner.activitylog", "pk": 96, "fields": {"user": 1, "timestamp": "2025-10-26T05:48:40.312Z", "organization_name": null, "action": "SCAN_COMPLETE", "details": "domain: bfans18.site, type: Komprehensif (Google + Crawling), status: completed"}}, {"model": "scanner.activitylog", "pk": 97, "fields": {"user": 1, "timestamp": "2025-10-26T07:15:52.339Z", "organization_name": null, "action": "SCAN_COMPLETE", "details": "domain: ui.ac.id, type: Komprehensif (Google + Crawling), status: completed"}}, {"model": "scanner.activitylog", "pk": 98, "fields": {"user": 1, "timestamp": "2025-10-26T07:26:12.647Z", "organization_name": null, "action": "SCAN_COMPLETE", "details": "domain: ui.ac.id, type: Komprehensif (Google + Crawling), status: completed"}}, {"model": "scanner.activitylog", "pk": 99, "fields": {"user": 1, "timestamp": "2025-10-26T08:25:41.937Z", "organization_name": null, "action": "SCAN_COMPLETE", "details": "domain: ui.ac.id, type: Komprehensif (Google + Crawling), status: completed"}}, {"model": "scanner.activitylog", "pk": 100, "fields": {"user": 1, "timestamp": "2025-10-26T13:05:30.811Z", "organization_name": null, "action": "USER_CREATE", "details": "Created user: client"}}, {"model": "scanner.activitylog", "pk": 101, "fields": {"user": 2, "timestamp": "2025-10-26T13:10:38.357Z", "organization_name": "udinus", "action": "KEYWORD_ADD", "details": "Added keyword: full crack"}}, {"model": "scanner.activitylog", "pk": 102, "fields": {"user": 2, "timestamp": "2025-10-26T13:30:07.699Z", "organization_name": "udinus", "action": "SCAN_COMPLETE", "details": "domain: ui.ac.id, type: Komprehensif (Google + Crawling), status: completed"}}, {"model": "scanner.activitylog", "pk": 103, "fields": {"user": 2, "timestamp": "2025-10-26T14:45:14.449Z", "organization_name": "udinus", "action": "SCAN_COMPLETE", "details": "domain: ui.ac.id, type: Komprehensif (Google + Crawling), status: completed"}}, {"model": "scanner.activitylog", "pk": 104, "fields": {"user": 2, "timestamp": "2025-10-26T14:58:34.633Z", "organization_name": "udinus", "action": "SCAN_COMPLETE", "details": "domain: ui.ac.id, type: Komprehensif (Google + Crawling), status: completed"}}, {"model": "scanner.activitylog", "pk": 105, "fields": {"user": 2, "timestamp": "2025-10-26T14:58:56.229Z", "organization_name": "udinus", "action": "SCAN_COMPLETE", "details": "domain: bfans18.site, type: Komprehensif (Google + Crawling), status: completed"}}, {"model": "scanner.activitylog", "pk": 106, "fields": {"user": 2, "timestamp": "2025-10-26T14:58:56.330Z", "organization_name": "udinus", "action": "SCAN_COMPLETE", "details": "domain: bfans18.site, type: Komprehensif (Google + Crawling), status: completed"}}, {"model": "scanner.activitylog", "pk": 107, "fields": {"user": 2, "timestamp": "2025-10-26T15:05:59.328Z", "organization_name": "udinus", "action": "SCAN_COMPLETE", "details": "domain: bfans18.site, type: Komprehensif (Google + Crawling), status: completed"}}, {"model": "scanner.activitylog", "pk": 108, "fields": {"user": 2, "timestamp": "2025-10-26T21:39:00.537Z", "organization_name": "udinus", "action": "SCAN_COMPLETE", "details": "domain: unaki.ac.id, type: Komprehensif (Google + Crawling), status: completed"}}, {"model": "scanner.activitylog", "pk": 109, "fields": {"user": 3, "timestamp": "2025-10-29T08:35:40.712Z", "organization_name": "udinus", "action": "SCAN_COMPLETE", "details": "domain: unwahas.ac.id, type: Cepat (Google Only), status: completed"}}, {"model": "scanner.activitylog", "pk": 110, "fields": {"user": 3, "timestamp": "2025-10-29T08:46:58.164Z", "organization_name": "udinus", "action": "SCAN_FAIL", "details": "domain: unwahas.ac.id, error: keys must be str, int, float, bool or None, not numpy.int64"}}, {"model": "scanner.activitylog", "pk": 111, "fields": {"user": 3, "timestamp": "2025-10-29T09:41:43.742Z", "organization_name": "udinus", "action": "SCAN_COMPLETE", "details": "domain: unwahas.ac.id, type: Komprehensif (Google + Crawling), status: completed"}}, {"model": "scanner.activitylog", "pk": 112, "fields": {"user": 3, "timestamp": "2025-10-29T10:55:33.736Z", "organization_name": "udinus", "action": "SCAN_COMPLETE", "details": "domain: unaki.ac.id, type: Komprehensif (Google + Crawling), status: completed"}}, {"model": "scanner.activitylog", "pk": 113, "fields": {"user": 1, "timestamp": "2025-10-29T13:01:14.755Z", "organization_name": null, "action": "CREATE_KEYWORD", "details": "Created keyword: depo murah (judi)"}}, {"model": "scanner.maliciouskeyword", "pk": 1, "fields": {"keyword": "slot", "category": "judi", "is_active": true, "created_at": "2025-10-25T15:35:40.559Z", "updated_at": "2025-10-25T15:35:40.559Z", "created_by": null}}, {"model": "scanner.maliciouskeyword", "pk": 2, "fields": {"keyword": "gacor", "category": "judi", "is_active": true, "created_at": "2025-10-25T15:36:27.895Z", "updated_at": "2025-10-25T15:36:27.895Z", "created_by": null}}, {"model": "scanner.maliciouskeyword", "pk": 3, "fields": {"keyword": "judi", "category": "judi", "is_active": true, "created_at": "2025-10-25T15:36:37.963Z", "updated_at": "2025-10-25T15:36:37.963Z", "created_by": null}}, {"model": "scanner.maliciouskeyword", "pk": 4, "fields": {"keyword": "poker", "category": "judi", "is_active": true, "created_at": "2025-10-25T15:37:59.553Z", "updated_at": "2025-10-25T15:37:59.553Z", "created_by": null}}, {"model": "scanner.maliciouskeyword", "pk": 5, "fields": {"keyword": "toto", "category": "judi", "is_active": true, "created_at": "2025-10-25T15:38:09.169Z", "updated_at": "2025-10-25T15:38:09.169Z", "created_by": null}}, {"model": "scanner.maliciouskeyword", "pk": 6, "fields": {"keyword": "casino", "category": "judi", "is_active": true, "created_at": "2025-10-25T15:38:17.992Z", "updated_at": "2025-10-25T15:38:17.992Z", "created_by": null}}, {"model": "scanner.maliciouskeyword", "pk": 7, "fields": {"keyword": "togel", "category": "judi", "is_active": true, "created_at": "2025-10-25T15:38:29.179Z", "updated_at": "2025-10-25T15:38:29.179Z", "created_by": null}}, {"model": "scanner.maliciouskeyword", "pk": 8, "fields": {"keyword": "sbobet", "category": "judi", "is_active": true, "created_at": "2025-10-25T15:38:38.715Z", "updated_at": "2025-10-25T15:38:38.715Z", "created_by": null}}, {"model": "scanner.maliciouskeyword", "pk": 9, "fields": {"keyword": "deposit pulsa", "category": "judi", "is_active": true, "created_at": "2025-10-25T15:38:50.590Z", "updated_at": "2025-10-25T15:38:50.590Z", "created_by": null}}, {"model": "scanner.maliciouskeyword", "pk": 10, "fields": {"keyword": "bokep", "category": "pornografi", "is_active": true, "created_at": "2025-10-25T15:39:00.395Z", "updated_at": "2025-10-25T15:39:00.400Z", "created_by": null}}, {"model": "scanner.maliciouskeyword", "pk": 11, "fields": {"keyword": "porn", "category": "pornografi", "is_active": true, "created_at": "2025-10-25T15:39:18.744Z", "updated_at": "2025-10-25T15:39:18.744Z", "created_by": null}}, {"model": "scanner.maliciouskeyword", "pk": 12, "fields": {"keyword": "xxx", "category": "pornografi", "is_active": true, "created_at": "2025-10-25T15:39:37.350Z", "updated_at": "2025-10-25T15:41:39.245Z", "created_by": null}}, {"model": "scanner.maliciouskeyword", "pk": 13, "fields": {"keyword": "nonton film dewasa", "category": "pornografi", "is_active": true, "created_at": "2025-10-25T15:39:51.164Z", "updated_at": "2025-10-25T15:41:55.737Z", "created_by": null}}, {"model": "scanner.maliciouskeyword", "pk": 14, "fields": {"keyword": "hacked", "category": "hacking", "is_active": true, "created_at": "2025-10-25T15:40:10.921Z", "updated_at": "2025-10-25T15:40:10.921Z", "created_by": null}}, {"model": "scanner.maliciouskeyword", "pk": 15, "fields": {"keyword": "defaced", "category": "hacking", "is_active": true, "created_at": "2025-10-25T15:40:25.949Z", "updated_at": "2025-10-25T15:40:25.949Z", "created_by": null}}, {"model": "scanner.maliciouskeyword", "pk": 16, "fields": {"keyword": "gambling", "category": "judi", "is_active": true, "created_at": "2025-10-25T15:40:43.266Z", "updated_at": "2025-10-25T15:40:43.266Z", "created_by": null}}, {"model": "scanner.maliciouskeyword", "pk": 17, "fields": {"keyword": "betting", "category": "judi", "is_active": true, "created_at": "2025-10-25T15:40:52.035Z", "updated_at": "2025-10-25T15:40:52.035Z", "created_by": null}}, {"model": "scanner.maliciouskeyword", "pk": 18, "fields": {"keyword": "taruhan", "category": "judi", "is_active": true, "created_at": "2025-10-25T15:40:58.632Z", "updated_at": "2025-10-25T15:40:58.632Z", "created_by": null}}, {"model": "scanner.maliciouskeyword", "pk": 19, "fields": {"keyword": "nonton bokep", "category": "pornografi", "is_active": true, "created_at": "2025-10-25T15:41:13.374Z", "updated_at": "2025-10-25T15:41:47.776Z", "created_by": null}}, {"model": "scanner.maliciouskeyword", "pk": 20, "fields": {"keyword": "download bokep", "category": "pornografi", "is_active": true, "created_at": "2025-10-25T15:41:27.214Z", "updated_at": "2025-10-25T15:41:27.214Z", "created_by": null}}, {"model": "scanner.maliciouskeyword", "pk": 21, "fields": {"keyword": "hack by", "category": "hacking", "is_active": true, "created_at": "2025-10-25T15:42:29.500Z", "updated_at": "2025-10-25T15:42:29.500Z", "created_by": null}}, {"model": "scanner.maliciouskeyword", "pk": 22, "fields": {"keyword": "maxwin", "category": "judi", "is_active": true, "created_at": "2025-10-25T15:43:06.417Z", "updated_at": "2025-10-25T15:43:06.417Z", "created_by": null}}, {"model": "scanner.maliciouskeyword", "pk": 23, "fields": {"keyword": "domino", "category": "judi", "is_active": true, "created_at": "2025-10-25T16:06:10.854Z", "updated_at": "2025-10-25T16:06:10.854Z", "created_by": null}}, {"model": "scanner.maliciouskeyword", "pk": 24, "fields": {"keyword": "jacpot", "category": "judi", "is_active": true, "created_at": "2025-10-25T16:06:47.744Z", "updated_at": "2025-10-25T16:06:47.744Z", "created_by": null}}, {"model": "scanner.maliciouskeyword", "pk": 25, "fields": {"keyword": "bandar", "category": "judi", "is_active": true, "created_at": "2025-10-25T16:06:57.650Z", "updated_at": "2025-10-25T16:06:57.650Z", "created_by": null}}, {"model": "scanner.maliciouskeyword", "pk": 26, "fields": {"keyword": "sabung", "category": "judi", "is_active": true, "created_at": "2025-10-25T16:07:14.038Z", "updated_at": "2025-10-25T16:07:14.038Z", "created_by": null}}, {"model": "scanner.maliciouskeyword", "pk": 27, "fields": {"keyword": "malware", "category": "hacking", "is_active": true, "created_at": "2025-10-25T16:08:24.031Z", "updated_at": "2025-10-25T16:08:24.031Z", "created_by": null}}, {"model": "scanner.maliciouskeyword", "pk": 28, "fields": {"keyword": "sql injection", "category": "hacking", "is_active": true, "created_at": "2025-10-25T16:08:50.638Z", "updated_at": "2025-10-25T16:08:50.638Z", "created_by": null}}, {"model": "scanner.maliciouskeyword", "pk": 29, "fields": {"keyword": "xss", "category": "hacking", "is_active": true, "created_at": "2025-10-25T16:09:02.757Z", "updated_at": "2025-10-25T16:09:02.757Z", "created_by": null}}, {"model": "scanner.maliciouskeyword", "pk": 30, "fields": {"keyword": "crack", "category": "hacking", "is_active": true, "created_at": "2025-10-25T16:09:18.529Z", "updated_at": "2025-10-25T16:09:18.529Z", "created_by": null}}, {"model": "scanner.maliciouskeyword", "pk": 31, "fields": {"keyword": "vulnerability", "category": "hacking", "is_active": true, "created_at": "2025-10-25T16:09:43.653Z", "updated_at": "2025-10-25T16:09:43.653Z", "created_by": null}}, {"model": "scanner.maliciouskeyword", "pk": 32, "fields": {"keyword": "backdoor", "category": "hacking", "is_active": true, "created_at": "2025-10-25T16:09:56.939Z", "updated_at": "2025-10-25T16:09:56.939Z", "created_by": null}}, {"model": "scanner.maliciouskeyword", "pk": 33, "fields": {"keyword": "greyhat", "category": "hacking", "is_active": true, "created_at": "2025-10-25T16:10:08.491Z", "updated_at": "2025-10-25T16:10:08.491Z", "created_by": null}}, {"model": "scanner.maliciouskeyword", "pk": 34, "fields": {"keyword": "zone-h", "category": "hacking", "is_active": true, "created_at": "2025-10-25T16:10:19.799Z", "updated_at": "2025-10-25T16:10:19.799Z", "created_by": null}}, {"model": "scanner.maliciouskeyword", "pk": 35, "fields": {"keyword": "-fullversion", "category": "hacking", "is_active": true, "created_at": "2025-10-25T16:11:18.012Z", "updated_at": "2025-10-25T16:11:18.012Z", "created_by": null}}, {"model": "scanner.maliciouskeyword", "pk": 36, "fields": {"keyword": "hentai", "category": "pornografi", "is_active": true, "created_at": "2025-10-25T16:12:53.962Z", "updated_at": "2025-10-25T16:12:53.962Z", "created_by": null}}, {"model": "scanner.maliciouskeyword", "pk": 37, "fields": {"keyword": "jav", "category": "pornografi", "is_active": true, "created_at": "2025-10-25T16:13:15.849Z", "updated_at": "2025-10-25T16:14:02.672Z", "created_by": null}}, {"model": "scanner.maliciouskeyword", "pk": 38, "fields": {"keyword": "memek", "category": "pornografi", "is_active": true, "created_at": "2025-10-25T16:13:29.179Z", "updated_at": "2025-10-25T16:14:11.710Z", "created_by": null}}, {"model": "scanner.maliciouskeyword", "pk": 39, "fields": {"keyword": "blowjob", "category": "pornografi", "is_active": true, "created_at": "2025-10-25T16:13:52.467Z", "updated_at": "2025-10-25T16:13:52.467Z", "created_by": null}}, {"model": "scanner.maliciouskeyword", "pk": 40, "fields": {"keyword": "orgasm", "category": "pornografi", "is_active": true, "created_at": "2025-10-25T16:14:49.866Z", "updated_at": "2025-10-25T16:14:49.866Z", "created_by": null}}, {"model": "scanner.maliciouskeyword", "pk": 41, "fields": {"keyword": "pussy", "category": "pornografi", "is_active": true, "created_at": "2025-10-25T16:15:02.060Z", "updated_at": "2025-10-25T16:15:02.060Z", "created_by": null}}, {"model": "scanner.maliciouskeyword", "pk": 42, "fields": {"keyword": "fuck", "category": "pornografi", "is_active": true, "created_at": "2025-10-25T16:15:10.956Z", "updated_at": "2025-10-25T16:15:10.956Z", "created_by": null}}, {"model": "scanner.maliciouskeyword", "pk": 43, "fields": {"keyword": "hot", "category": "pornografi", "is_active": true, "created_at": "2025-10-25T16:15:20.597Z", "updated_at": "2025-10-25T16:15:20.597Z", "created_by": null}}, {"model": "scanner.maliciouskeyword", "pk": 44, "fields": {"keyword": "sexy", "category": "pornografi", "is_active": true, "created_at": "2025-10-25T16:15:30.923Z", "updated_at": "2025-10-25T16:15:30.923Z", "created_by": null}}, {"model": "scanner.maliciouskeyword", "pk": 45, "fields": {"keyword": "hardcore", "category": "pornografi", "is_active": true, "created_at": "2025-10-25T16:15:48.706Z", "updated_at": "2025-10-25T16:15:48.706Z", "created_by": null}}, {"model": "scanner.maliciouskeyword", "pk": 46, "fields": {"keyword": "webcam", "category": "pornografi", "is_active": true, "created_at": "2025-10-25T16:16:11.265Z", "updated_at": "2025-10-25T16:16:11.265Z", "created_by": null}}, {"model": "scanner.maliciouskeyword", "pk": 47, "fields": {"keyword": "full crack", "category": "hacking", "is_active": true, "created_at": "2025-10-26T13:10:38.340Z", "updated_at": "2025-10-26T13:10:38.340Z", "created_by": null}}, {"model": "scanner.maliciouskeyword", "pk": 48, "fields": {"keyword": "depo murah", "category": "judi", "is_active": true, "created_at": "2025-10-29T13:01:14.733Z", "updated_at": "2025-10-29T13:01:14.733Z", "created_by": 1}}, {"model": "scanner.scanhistory", "pk": 1, "fields": {"scan_id": "c7fd7ef6-12af-450c-8bfb-34c72cb1d82f", "user": 1, "domain": "unaki.ac.id", "status": "PENDING", "scan_date": "2025-10-29T08:22:03.928Z", "start_time": "2025-10-29T08:11:03.240Z", "end_time": null, "scan_results_json": null, "error_message": null}}, {"model": "scanner.scanhistory", "pk": 2, "fields": {"scan_id": "f6fea646-dbb8-49f1-a494-1b3d6c09e3ed", "user": 1, "domain": "unaki.ac.id", "status": "PENDING", "scan_date": "2025-10-29T08:22:03.928Z", "start_time": "2025-10-29T08:12:52.056Z", "end_time": null, "scan_results_json": null, "error_message": null}}, {"model": "scanner.scanhistory", "pk": 3, "fields": {"scan_id": "9af517b8-7c24-4fac-88fd-be73b5b192a6", "user": 3, "domain": "unaki.ac.id", "status": "PENDING", "scan_date": "2025-10-29T08:25:28.077Z", "start_time": "2025-10-29T08:25:28.077Z", "end_time": null, "scan_results_json": null, "error_message": null}}, {"model": "scanner.scanhistory", "pk": 4, "fields": {"scan_id": "91ac6dcc-1db4-44dd-9274-066cf289b774", "user": 3, "domain": "unwahas.ac.id", "status": "completed", "scan_date": "2025-10-29T08:32:59.520Z", "start_time": "2025-10-29T08:32:59.520Z", "end_time": "2025-10-29T08:35:40.703Z", "scan_results_json": "{\"categories\": {}, \"domain_info\": {\"registrar\": null, \"creation_date\": null, \"expiration_date\": null, \"name_servers\": null, \"status\": null}, \"backlinks\": [], \"total_pages\": 26, \"verified_scan\": true, \"graph_analysis\": {}, \"subdomain_results\": {\"total_subdomains\": 18, \"subdomains\": [{\"subdomain\": \"fisip.unwahas.ac.id\", \"ip\": \"103.178.172.40\", \"status\": \"active\"}, {\"subdomain\": \"webmail.unwahas.ac.id\", \"ip\": \"202.10.43.25\", \"status\": \"active\"}, {\"subdomain\": \"auth.unwahas.ac.id\", \"ip\": \"103.178.172.40\", \"status\": \"active\"}, {\"subdomain\": \"fk.unwahas.ac.id\", \"ip\": \"103.178.172.40\", \"status\": \"active\"}, {\"subdomain\": \"mh.unwahas.ac.id\", \"ip\": \"103.178.172.40\", \"status\": \"active\"}, {\"subdomain\": \"arsippublikasiilmiah.unwahas.ac.id\", \"ip\": \"104.21.63.161\", \"status\": \"active\"}, {\"subdomain\": \"faperta.unwahas.ac.id\", \"ip\": \"103.178.172.40\", \"status\": \"active\"}, {\"subdomain\": \"ppg.unwahas.ac.id\", \"ip\": \"103.178.172.40\", \"status\": \"active\"}, {\"subdomain\": \"pps.unwahas.ac.id\", \"ip\": \"103.178.172.40\", \"status\": \"active\"}, {\"subdomain\": \"eprints.unwahas.ac.id\", \"ip\": \"103.178.172.40\", \"status\": \"active\"}, {\"subdomain\": \"fai.unwahas.ac.id\", \"ip\": \"103.178.172.40\", \"status\": \"active\"}, {\"subdomain\": \"teknik.unwahas.ac.id\", \"ip\": \"103.178.172.40\", \"status\": \"active\"}, {\"subdomain\": \"lppm.unwahas.ac.id\", \"ip\": \"103.178.172.40\", \"status\": \"active\"}, {\"subdomain\": \"publikasiilmiah.unwahas.ac.id\", \"ip\": \"104.21.63.161\", \"status\": \"active\"}, {\"subdomain\": \"dev.unwahas.ac.id\", \"ip\": \"103.178.172.32\", \"status\": \"active\"}, {\"subdomain\": \"ti.unwahas.ac.id\", \"ip\": \"103.178.172.40\", \"status\": \"active\"}, {\"subdomain\": \"vpn.unwahas.ac.id\", \"ip\": \"103.178.172.101\", \"status\": \"active\"}, {\"subdomain\": \"www.unwahas.ac.id\", \"ip\": \"103.178.172.40\", \"status\": \"active\"}], \"techniques_used\": [\"dns_lookup\", \"web_search\"]}}", "error_message": null}}, {"model": "scanner.scanhistory", "pk": 5, "fields": {"scan_id": "a1ff7f4d-53b8-473a-bc2a-6176b14e7684", "user": 3, "domain": "unaki.ac.id", "status": "PENDING", "scan_date": "2025-10-29T08:39:11.393Z", "start_time": "2025-10-29T08:39:11.393Z", "end_time": null, "scan_results_json": null, "error_message": null}}, {"model": "scanner.scanhistory", "pk": 6, "fields": {"scan_id": "5695f42b-5fda-48d2-82d9-dc84ce1e5430", "user": 3, "domain": "unwahas.ac.id", "status": "failed", "scan_date": "2025-10-29T08:40:23.237Z", "start_time": "2025-10-29T08:40:23.237Z", "end_time": "2025-10-29T08:46:58.153Z", "scan_results_json": null, "error_message": "keys must be str, int, float, bool or None, not numpy.int64"}}, {"model": "scanner.scanhistory", "pk": 7, "fields": {"scan_id": "8d4a5357-4ed4-4e63-9241-86d965820576", "user": 3, "domain": "unwahas.ac.id", "status": "PROCESSING", "scan_date": "2025-10-29T09:28:25.862Z", "start_time": "2025-10-29T09:28:25.862Z", "end_time": null, "scan_results_json": null, "error_message": null}}, {"model": "scanner.scanhistory", "pk": 8, "fields": {"scan_id": "300dddb5-8c94-4c1e-8757-4cfa68c4f774", "user": 3, "domain": "unwahas.ac.id", "status": "completed", "scan_date": "2025-10-29T09:36:20.958Z", "start_time": "2025-10-29T09:36:20.959Z", "end_time": "2025-10-29T09:41:43.710Z", "scan_results_json": "{\"categories\": {\"1\": {\"name\": \"Hack Judol\", \"items\": [{\"url\": \"https://www.mawan.net/2023/04/02/malware-judi-slot-gacor-cara-beraksi-dan-pencegahannya/\", \"title\": \"Malware Judi Slot Gacor: Cara Beraksi dan \\u2026\", \"snippet\": \"Sampai artikel ini ditulis di Mawan.NET, masih ditemukan situs-situs web yang diinfeksi malware Judi Slot Gacor (dalam bahasa Inggris \\u2026\", \"source\": \"bing_query_1\", \"deep_analysis\": {\"title\": \"Malware Judi Slot Gacor: Cara Beraksi dan Pencegahannya \\u2013 Mawan.NET\", \"description\": \"No Description\", \"has_iframe\": false, \"has_suspicious_scripts\": true, \"external_links_count\": 40, \"response_time\": 2.359982, \"status_code\": 200}, \"verification\": {\"url\": \"https://www.mawan.net/2023/04/02/malware-judi-slot-gacor-cara-beraksi-dan-pencegahannya/\", \"is_accessible\": true, \"semantic_match\": \"high\", \"keywords_match_score\": 0.6, \"title_similarity\": 0.8999999999999999, \"content_similarity\": 0.5958333333333333, \"malicious_confirmed\": true, \"match_reason\": \"\", \"error\": null, \"verification_status\": \"live_malicious\"}}, {\"url\": \"https://www.newsbtc.com/online-slots-indonesia/\", \"title\": \"10 Situs judi Slot Online Terbaik Terpercaya No. 1 di Indonesia\", \"snippet\": \"Temukan 10 situs slot online terpercaya di Indonesia dengan bonus menarik, transaksi aman, dan RTP tinggi. Nikmati permainan terbaik\", \"source\": \"bing_query_1\", \"deep_analysis\": {\"title\": \"10 Situs judi Slot Online Terbaik Terpercaya No. 1 di Indonesia | NewsBTC\", \"description\": \"Temukan 10 situs slot online terpercaya di Indonesia dengan bonus menarik, transaksi aman, dan RTP tinggi. Nikmati permainan terbaik\", \"has_iframe\": true, \"has_suspicious_scripts\": true, \"external_links_count\": 14, \"response_time\": 0.15288, \"status_code\": 200}, \"verification\": {\"url\": \"https://www.newsbtc.com/online-slots-indonesia/\", \"is_accessible\": true, \"semantic_match\": \"high\", \"keywords_match_score\": 0.4, \"title_similarity\": 1.0, \"content_similarity\": 0.34561403508771926, \"malicious_confirmed\": true, \"match_reason\": \"\", \"error\": null, \"verification_status\": \"live_malicious\"}}]}, \"3\": {\"name\": \"Hacked\", \"items\": [{\"url\": \"https://help.shodan.io/data-analysis/tracking-hacked-websites\", \"title\": \"Tracking Hacked Websites - Shodan Help Center\", \"snippet\": \"$ shodan download --limit -1 hacked 'http.title:\\\"hacked by\\\"' This saves the results into a file called hacked.json.gz. At this point, we want to extract the http.title * from the banners, grab the name \\u2026\", \"source\": \"bing_query_3\", \"deep_analysis\": {\"title\": \"Tracking Hacked Websites - Shodan Help Center\", \"description\": \"No Description\", \"has_iframe\": false, \"has_suspicious_scripts\": true, \"external_links_count\": 21, \"response_time\": 0.156419, \"status_code\": 200}, \"verification\": {\"url\": \"https://help.shodan.io/data-analysis/tracking-hacked-websites\", \"is_accessible\": true, \"semantic_match\": \"high\", \"keywords_match_score\": 0.0, \"title_similarity\": 1.0, \"content_similarity\": 0.10465116279069768, \"malicious_confirmed\": true, \"match_reason\": \"\", \"error\": null, \"verification_status\": \"live_malicious\"}}]}}, \"domain_info\": {\"registrar\": null, \"creation_date\": null, \"expiration_date\": null, \"name_servers\": null, \"status\": null}, \"backlinks\": [], \"total_pages\": 56, \"verified_scan\": true, \"graph_analysis\": {\"total_nodes\": 1, \"total_edges\": 0, \"orphan_pages\": [], \"isolated_clusters\": []}, \"subdomain_results\": {\"total_subdomains\": 16, \"subdomains\": [{\"subdomain\": \"vpn.unwahas.ac.id\", \"ip\": \"103.178.172.101\", \"status\": \"active\"}, {\"subdomain\": \"lppm.unwahas.ac.id\", \"ip\": \"103.178.172.40\", \"status\": \"active\"}, {\"subdomain\": \"www.unwahas.ac.id\", \"ip\": \"103.178.172.40\", \"status\": \"active\"}, {\"subdomain\": \"fai.unwahas.ac.id\", \"ip\": \"103.178.172.40\", \"status\": \"active\"}, {\"subdomain\": \"arsippublikasiilmiah.unwahas.ac.id\", \"ip\": \"104.21.63.161\", \"status\": \"active\"}, {\"subdomain\": \"webmail.unwahas.ac.id\", \"ip\": \"202.10.43.25\", \"status\": \"active\"}, {\"subdomain\": \"fk.unwahas.ac.id\", \"ip\": \"103.178.172.40\", \"status\": \"active\"}, {\"subdomain\": \"pps.unwahas.ac.id\", \"ip\": \"103.178.172.40\", \"status\": \"active\"}, {\"subdomain\": \"ti.unwahas.ac.id\", \"ip\": \"103.178.172.40\", \"status\": \"active\"}, {\"subdomain\": \"auth.unwahas.ac.id\", \"ip\": \"103.178.172.40\", \"status\": \"active\"}, {\"subdomain\": \"ppg.unwahas.ac.id\", \"ip\": \"103.178.172.40\", \"status\": \"active\"}, {\"subdomain\": \"publikasiilmiah.unwahas.ac.id\", \"ip\": \"172.67.171.13\", \"status\": \"active\"}, {\"subdomain\": \"dev.unwahas.ac.id\", \"ip\": \"103.178.172.32\", \"status\": \"active\"}, {\"subdomain\": \"fisip.unwahas.ac.id\", \"ip\": \"103.178.172.40\", \"status\": \"active\"}, {\"subdomain\": \"teknik.unwahas.ac.id\", \"ip\": \"103.178.172.40\", \"status\": \"active\"}, {\"subdomain\": \"faperta.unwahas.ac.id\", \"ip\": \"103.178.172.40\", \"status\": \"active\"}], \"techniques_used\": [\"dns_lookup\", \"web_search\"]}}", "error_message": null}}, {"model": "scanner.scanhistory", "pk": 9, "fields": {"scan_id": "45fa7653-43e2-4320-b599-56b44aa0ce5c", "user": 3, "domain": "unaki.ac.id", "status": "completed", "scan_date": "2025-10-29T10:47:46.321Z", "start_time": "2025-10-29T10:47:46.321Z", "end_time": "2025-10-29T10:55:33.712Z", "scan_results_json": "{\"categories\": {\"1\": {\"name\": \"Hack Judol\", \"items\": [{\"url\": \"https://kemahasiswaan.unaki.ac.id/web-page2/?seo_id=situs+film+bokep\", \"title\": \"SITUS FILM BOKEP Daftar Link institusi Situs Slot Gacor ...\", \"snippet\": \"Link SITUS FILM BOKEP adalah lembaga institusi game online link daftar situs slot gacor maxwin hari ini terpercaya di nusantara indonesia dan terlengkap.\", \"source\": \"google_query_2\", \"deep_analysis\": {\"title\": \"SITUS FILM BOKEP Daftar Link institusi Situs Slot Gacor Online Maxwin Hari Ini\", \"description\": \"Link SITUS FILM BOKEP adalah lembaga institusi game online link daftar situs slot gacor maxwin hari ini terpercaya di nusantara indonesia dan terlengkap\", \"has_iframe\": true, \"has_suspicious_scripts\": true, \"external_links_count\": 55, \"response_time\": 0.246599, \"status_code\": 200}, \"verification\": {\"url\": \"https://kemahasiswaan.unaki.ac.id/web-page2/?seo_id=situs+film+bokep\", \"is_accessible\": true, \"semantic_match\": \"high\", \"keywords_match_score\": 0.7, \"title_similarity\": 0.8666666666666667, \"content_similarity\": 0.0, \"malicious_confirmed\": true, \"match_reason\": \"\", \"error\": null, \"verification_status\": \"live_malicious\"}}, {\"url\": \"https://kemahasiswaan.unaki.ac.id/media/?id=XXXII%20BOKEP\", \"title\": \"XXXII BOKEP: Media Kemahasiswaan UNAKI - Slot Gacor\", \"snippet\": \"XXXII BOKEP Temukan berbagai berita, dokumentasi, dan galeri kegiatan mahasiswa Universitas AKI di Media Kemahasiswaan UNAKI.\", \"source\": \"google_query_2\", \"deep_analysis\": {\"title\": \"XXXII BOKEP: Media Kemahasiswaan UNAKI \\u2013 Berita, Galeri, dan Kegiatan Mahasiswa Universitas AKI\", \"description\": \"XXXII BOKEP Temukan berbagai berita, dokumentasi, dan galeri kegiatan mahasiswa Universitas AKI di Media Kemahasiswaan UNAKI. Dapatkan update terbaru tentang prestasi, organisasi, dan aktivitas kampus secara lengkap di sini.\", \"has_iframe\": true, \"has_suspicious_scripts\": true, \"external_links_count\": 57, \"response_time\": 0.272347, \"status_code\": 200}, \"verification\": {\"url\": \"https://kemahasiswaan.unaki.ac.id/media/?id=XXXII%20BOKEP\", \"is_accessible\": true, \"semantic_match\": \"high\", \"keywords_match_score\": 0.2, \"title_similarity\": 0.4571428571428572, \"content_similarity\": 0.0, \"malicious_confirmed\": true, \"match_reason\": \"\", \"error\": null, \"verification_status\": \"live_malicious\"}}, {\"url\": \"https://kemahasiswaan.unaki.ac.id/media/?id=BOKEP%20BRT\", \"title\": \"BOKEP BRT: Media Kemahasiswaan UNAKI - Slot Gacor\", \"snippet\": \"BOKEP BRT Temukan berbagai berita, dokumentasi, dan galeri kegiatan mahasiswa Universitas AKI di Media Kemahasiswaan UNAKI. Dapatkan update terbaru tentang ...\", \"source\": \"google_query_2\", \"deep_analysis\": {\"title\": \"BOKEP BRT: Media Kemahasiswaan UNAKI \\u2013 Berita, Galeri, dan Kegiatan Mahasiswa Universitas AKI\", \"description\": \"BOKEP BRT Temukan berbagai berita, dokumentasi, dan galeri kegiatan mahasiswa Universitas AKI di Media Kemahasiswaan UNAKI. Dapatkan update terbaru tentang prestasi, organisasi, dan aktivitas kampus secara lengkap di sini.\", \"has_iframe\": true, \"has_suspicious_scripts\": true, \"external_links_count\": 57, \"response_time\": 0.294155, \"status_code\": 200}, \"verification\": {\"url\": \"https://kemahasiswaan.unaki.ac.id/media/?id=BOKEP%20BRT\", \"is_accessible\": true, \"semantic_match\": \"high\", \"keywords_match_score\": 0.2, \"title_similarity\": 0.4571428571428572, \"content_similarity\": 0.0, \"malicious_confirmed\": true, \"match_reason\": \"\", \"error\": null, \"verification_status\": \"live_malicious\"}}, {\"url\": \"https://kemahasiswaan.unaki.ac.id/media/?id=BLING2%20BOKEP\", \"title\": \"BLING2 BOKEP: Media Kemahasiswaan UNAKI - Slot Gacor\", \"snippet\": \"BLING2 BOKEP Temukan berbagai berita, dokumentasi, dan galeri kegiatan mahasiswa Universitas AKI di Media Kemahasiswaan UNAKI.\", \"source\": \"google_query_2\", \"deep_analysis\": {\"title\": \"BLING2 BOKEP: Media Kemahasiswaan UNAKI \\u2013 Berita, Galeri, dan Kegiatan Mahasiswa Universitas AKI\", \"description\": \"BLING2 BOKEP Temukan berbagai berita, dokumentasi, dan galeri kegiatan mahasiswa Universitas AKI di Media Kemahasiswaan UNAKI. Dapatkan update terbaru tentang prestasi, organisasi, dan aktivitas kampus secara lengkap di sini.\", \"has_iframe\": true, \"has_suspicious_scripts\": true, \"external_links_count\": 57, \"response_time\": 0.273879, \"status_code\": 200}, \"verification\": {\"url\": \"https://kemahasiswaan.unaki.ac.id/media/?id=BLING2%20BOKEP\", \"is_accessible\": true, \"semantic_match\": \"high\", \"keywords_match_score\": 0.2, \"title_similarity\": 0.4571428571428572, \"content_similarity\": 0.0, \"malicious_confirmed\": true, \"match_reason\": \"\", \"error\": null, \"verification_status\": \"live_malicious\"}}, {\"url\": \"https://kemahasiswaan.unaki.ac.id/media/?id=bokep+barak\", \"title\": \"BOKEP BARAK: Media Kemahasiswaan UNAKI - Slot Gacor\", \"snippet\": \"BOKEP BARAK Temukan berbagai berita, dokumentasi, dan galeri kegiatan mahasiswa Universitas AKI di Media Kemahasiswaan UNAKI.\", \"source\": \"google_query_2\", \"deep_analysis\": {\"title\": \"BOKEP BARAK: Media Kemahasiswaan UNAKI \\u2013 Berita, Galeri, dan Kegiatan Mahasiswa Universitas AKI\", \"description\": \"BOKEP BARAK Temukan berbagai berita, dokumentasi, dan galeri kegiatan mahasiswa Universitas AKI di Media Kemahasiswaan UNAKI. Dapatkan update terbaru tentang prestasi, organisasi, dan aktivitas kampus secara lengkap di sini.\", \"has_iframe\": true, \"has_suspicious_scripts\": true, \"external_links_count\": 57, \"response_time\": 0.263081, \"status_code\": 200}, \"verification\": {\"url\": \"https://kemahasiswaan.unaki.ac.id/media/?id=bokep+barak\", \"is_accessible\": true, \"semantic_match\": \"high\", \"keywords_match_score\": 0.2, \"title_similarity\": 0.4571428571428572, \"content_similarity\": 0.0, \"malicious_confirmed\": true, \"match_reason\": \"\", \"error\": null, \"verification_status\": \"live_malicious\"}}, {\"url\": \"https://kemahasiswaan.unaki.ac.id/media/?id=BOKEP%20PRANK\", \"title\": \"BOKEP PRANK: Media Kemahasiswaan UNAKI - Slot Gacor\", \"snippet\": \"BOKEP PRANK Temukan berbagai berita, dokumentasi, dan galeri kegiatan mahasiswa Universitas AKI di Media Kemahasiswaan UNAKI.\", \"source\": \"google_query_2\", \"deep_analysis\": {\"title\": \"BOKEP PRANK: Media Kemahasiswaan UNAKI \\u2013 Berita, Galeri, dan Kegiatan Mahasiswa Universitas AKI\", \"description\": \"BOKEP PRANK Temukan berbagai berita, dokumentasi, dan galeri kegiatan mahasiswa Universitas AKI di Media Kemahasiswaan UNAKI. Dapatkan update terbaru tentang prestasi, organisasi, dan aktivitas kampus secara lengkap di sini.\", \"has_iframe\": true, \"has_suspicious_scripts\": true, \"external_links_count\": 57, \"response_time\": 0.371635, \"status_code\": 200}, \"verification\": {\"url\": \"https://kemahasiswaan.unaki.ac.id/media/?id=BOKEP%20PRANK\", \"is_accessible\": true, \"semantic_match\": \"high\", \"keywords_match_score\": 0.2, \"title_similarity\": 0.4571428571428572, \"content_similarity\": 0.0, \"malicious_confirmed\": true, \"match_reason\": \"\", \"error\": null, \"verification_status\": \"live_malicious\"}}, {\"url\": \"https://kemahasiswaan.unaki.ac.id/media/?id=fllm+bokep\", \"title\": \"FLLM BOKEP: Media Kemahasiswaan UNAKI - Slot Gacor\", \"snippet\": \"FLLM BOKEP Temukan berbagai berita, dokumentasi, dan galeri kegiatan mahasiswa Universitas AKI di Media Kemahasiswaan UNAKI. Dapatkan update terbaru tentang ...\", \"source\": \"google_query_2\", \"deep_analysis\": {\"title\": \"FLLM BOKEP: Media Kemahasiswaan UNAKI \\u2013 Berita, Galeri, dan Kegiatan Mahasiswa Universitas AKI\", \"description\": \"FLLM BOKEP Temukan berbagai berita, dokumentasi, dan galeri kegiatan mahasiswa Universitas AKI di Media Kemahasiswaan UNAKI. Dapatkan update terbaru tentang prestasi, organisasi, dan aktivitas kampus secara lengkap di sini.\", \"has_iframe\": true, \"has_suspicious_scripts\": true, \"external_links_count\": 57, \"response_time\": 0.266961, \"status_code\": 200}, \"verification\": {\"url\": \"https://kemahasiswaan.unaki.ac.id/media/?id=fllm+bokep\", \"is_accessible\": true, \"semantic_match\": \"high\", \"keywords_match_score\": 0.2, \"title_similarity\": 0.4571428571428572, \"content_similarity\": 0.0, \"malicious_confirmed\": true, \"match_reason\": \"\", \"error\": null, \"verification_status\": \"live_malicious\"}}, {\"url\": \"https://tekno.kompas.com/read/2023/02/16/09300097/bandelnya-situs-judi-online-yang-susupi-website-pemerintah-dan-universitas\", \"title\": \"Bandelnya Situs Judi Online yang Susupi Website Pemerintah dan ...\", \"snippet\": \"Situs judi online sangat mudah ditemukan di mesin pencarian Google Search. Ketika memasukkan kata kunci terkait judi online, seperti \\\"slot\\\", slot88\\\", \\\"situs slot\\\" di Google \\u2026\", \"source\": \"bing_query_1\", \"deep_analysis\": {\"title\": \"Bandelnya Situs Judi Online yang Susupi Website Pemerintah dan Universitas hingga Bikin Kominfo \\\"Kerepotan\\\"\", \"description\": \"Situs judi online banyak menyusup ke website pemerintah (go.id) dan universitas (ac.id). Meski sudah ditangani, masih mudah ditemukan di Google.\", \"has_iframe\": true, \"has_suspicious_scripts\": true, \"external_links_count\": 297, \"response_time\": 0.191278, \"status_code\": 200}, \"verification\": {\"url\": \"https://tekno.kompas.com/read/2023/02/16/09300097/bandelnya-situs-judi-online-yang-susupi-website-pemerintah-dan-universitas\", \"is_accessible\": false, \"semantic_match\": \"low\", \"keywords_match_score\": 0, \"title_similarity\": 0, \"content_similarity\": 0, \"malicious_confirmed\": false, \"match_reason\": \"\", \"error\": \"Selenium verification error: Message: timeout: Timed out receiving message from renderer: 29.112\\n  (Session info: chrome=142.0.7444.59)\\nStacktrace:\\nSymbols not available. Dumping unresolved backtrace:\\n\\t0x7ff7afc47a35\\n\\t0x7ff7afc47a90\\n\\t0x7ff7af9c16ad\\n\\t0x7ff7af9ae8ad\\n\\t0x7ff7af9ae59b\\n\\t0x7ff7af9ac105\\n\\t0x7ff7af9acb8b\\n\\t0x7ff7af9bbbfe\\n\\t0x7ff7af9d242a\\n\\t0x7ff7af9d968a\\n\\t0x7ff7af9ad33e\\n\\t0x7ff7af9d2156\\n\\t0x7ff7afa6bc67\\n\\t0x7ff7afa0b068\\n\\t0x7ff7afa0be93\\n\\t0x7ff7aff029d0\\n\\t0x7ff7afefce50\\n\\t0x7ff7aff1cc45\\n\\t0x7ff7afc630ce\\n\\t0x7ff7afc6adbf\\n\\t0x7ff7afc50c14\\n\\t0x7ff7afc50dcf\\n\\t0x7ff7afc36828\\n\\t0x7ffb0802e8d7\\n\\t0x7ffb08fcc53c\\n\", \"verification_status\": \"clean\"}}, {\"url\": \"https://www.mawan.net/2023/04/02/malware-judi-slot-gacor-cara-beraksi-dan-pencegahannya/\", \"title\": \"Malware Judi Slot Gacor: Cara Beraksi dan \\u2026\", \"snippet\": \"Sampai artikel ini ditulis di Mawan.NET, masih ditemukan situs-situs web yang diinfeksi malware Judi Slot Gacor (dalam bahasa Inggris \\u2026\", \"source\": \"bing_query_1\", \"deep_analysis\": {\"title\": \"Malware Judi Slot Gacor: Cara Beraksi dan Pencegahannya \\u2013 Mawan.NET\", \"description\": \"No Description\", \"has_iframe\": false, \"has_suspicious_scripts\": true, \"external_links_count\": 40, \"response_time\": 2.261761, \"status_code\": 200}, \"verification\": {\"url\": \"https://www.mawan.net/2023/04/02/malware-judi-slot-gacor-cara-beraksi-dan-pencegahannya/\", \"is_accessible\": true, \"semantic_match\": \"high\", \"keywords_match_score\": 0.6, \"title_similarity\": 0.8999999999999999, \"content_similarity\": 0.5958333333333333, \"malicious_confirmed\": true, \"match_reason\": \"\", \"error\": null, \"verification_status\": \"live_malicious\"}}, {\"url\": \"https://www.newsbtc.com/online-slots-indonesia/\", \"title\": \"10 Situs judi Slot Online Terbaik Terpercaya No. 1 di Indonesia\", \"snippet\": \"Temukan 10 situs slot online terpercaya di Indonesia dengan bonus menarik, transaksi aman, dan RTP tinggi. Nikmati permainan terbaik\", \"source\": \"bing_query_1\", \"deep_analysis\": {\"title\": \"10 Situs judi Slot Online Terbaik Terpercaya No. 1 di Indonesia | NewsBTC\", \"description\": \"Temukan 10 situs slot online terpercaya di Indonesia dengan bonus menarik, transaksi aman, dan RTP tinggi. Nikmati permainan terbaik\", \"has_iframe\": true, \"has_suspicious_scripts\": true, \"external_links_count\": 14, \"response_time\": 0.11958, \"status_code\": 200}, \"verification\": {\"url\": \"https://www.newsbtc.com/online-slots-indonesia/\", \"is_accessible\": true, \"semantic_match\": \"high\", \"keywords_match_score\": 0.4, \"title_similarity\": 1.0, \"content_similarity\": 0.34561403508771926, \"malicious_confirmed\": true, \"match_reason\": \"\", \"error\": null, \"verification_status\": \"live_malicious\"}}, {\"url\": \"https://id-kudaslot.com/\", \"title\": \"Kudaslot: Situs Judi Slot Online Terpercaya | Login \\u2026\", \"snippet\": \"Kudaslot - Situs judi slot online terpercaya di Indonesia. Daftar & login sekarang untuk menikmati berbagai permainan slot gacor, bonus menarik, \\u2026\", \"source\": \"bing_query_1\", \"deep_analysis\": {\"title\": \"Error\", \"description\": \"Error\", \"has_iframe\": false, \"has_suspicious_scripts\": false, \"external_links_count\": 0, \"response_time\": 0, \"status_code\": 0}, \"verification\": {\"url\": \"https://id-kudaslot.com/\", \"is_accessible\": true, \"semantic_match\": \"low\", \"keywords_match_score\": 0.2, \"title_similarity\": 0.0, \"content_similarity\": 0.02, \"malicious_confirmed\": false, \"match_reason\": \"\", \"error\": null, \"verification_status\": \"clean\"}}, {\"url\": \"https://indobets.co/online-casino/kasino-online-terbaik-indonesia/\", \"title\": \"7 Kasino Online Terbaik & Situs Judi Terpercaya \\u2026\", \"snippet\": \"Temukan kasino online terbaik untuk bermain slot, poker, togel dan judi bola di Indonesia. Daftar dan dapatkan bonus hingga Rp \\u2026\", \"source\": \"bing_query_1\", \"deep_analysis\": {\"title\": \"Error\", \"description\": \"Error\", \"has_iframe\": false, \"has_suspicious_scripts\": false, \"external_links_count\": 0, \"response_time\": 0, \"status_code\": 0}, \"verification\": {\"url\": \"https://indobets.co/online-casino/kasino-online-terbaik-indonesia/\", \"is_accessible\": true, \"semantic_match\": \"low\", \"keywords_match_score\": 0.0, \"title_similarity\": 0.0, \"content_similarity\": 0.0, \"malicious_confirmed\": false, \"match_reason\": \"\", \"error\": null, \"verification_status\": \"clean\"}}, {\"url\": \"https://teknologi.bisnis.com/read/20230215/101/1628201/ini-daftar-situs-pemerintah-yang-tercemar-konten-judi-online\", \"title\": \"Ini Daftar Situs Pemerintah yang Tercemar Konten \\u2026\", \"snippet\": \"Bisnis.com mencoba memasukkan kata kunci \\\"situs slot judi gacor\\\" atau \\\"situs judi online \\\" di laman pencarian Google, hasilnya \\u2026\", \"source\": \"bing_query_1\", \"deep_analysis\": {\"title\": \"Ini Daftar Situs Pemerintah yang Tercemar Konten Judi Online\", \"description\": \"Bisnis.com merangkum beberapa contoh situs pemerintah yang tercemar konten judi online.\", \"has_iframe\": true, \"has_suspicious_scripts\": true, \"external_links_count\": 127, \"response_time\": 0.566325, \"status_code\": 200}, \"verification\": {\"url\": \"https://teknologi.bisnis.com/read/20230215/101/1628201/ini-daftar-situs-pemerintah-yang-tercemar-konten-judi-online\", \"is_accessible\": false, \"semantic_match\": \"low\", \"keywords_match_score\": 0, \"title_similarity\": 0, \"content_similarity\": 0, \"malicious_confirmed\": false, \"match_reason\": \"\", \"error\": \"Selenium verification error: Message: timeout: Timed out receiving message from renderer: 29.033\\n  (Session info: chrome=142.0.7444.59)\\nStacktrace:\\nSymbols not available. Dumping unresolved backtrace:\\n\\t0x7ff7afc47a35\\n\\t0x7ff7afc47a90\\n\\t0x7ff7af9c16ad\\n\\t0x7ff7af9ae8ad\\n\\t0x7ff7af9ae59b\\n\\t0x7ff7af9ac105\\n\\t0x7ff7af9acb8b\\n\\t0x7ff7af9bbbfe\\n\\t0x7ff7af9d242a\\n\\t0x7ff7af9d968a\\n\\t0x7ff7af9ad33e\\n\\t0x7ff7af9d2156\\n\\t0x7ff7afa6bc67\\n\\t0x7ff7afa0b068\\n\\t0x7ff7afa0be93\\n\\t0x7ff7aff029d0\\n\\t0x7ff7afefce50\\n\\t0x7ff7aff1cc45\\n\\t0x7ff7afc630ce\\n\\t0x7ff7afc6adbf\\n\\t0x7ff7afc50c14\\n\\t0x7ff7afc50dcf\\n\\t0x7ff7afc36828\\n\\t0x7ffb0802e8d7\\n\\t0x7ffb08fcc53c\\n\", \"verification_status\": \"clean\"}}]}, \"3\": {\"name\": \"Hacked\", \"items\": [{\"url\": \"https://isithacked.com/\", \"title\": \"Is it Hacked? Check if website has been hacked, Site hack scan\", \"snippet\": \"Check if my site is hacked. Scan website to see if it is hacked. Website malware test, application security scan, site hacked testing and hacker checker.\", \"source\": \"bing_query_3\", \"deep_analysis\": {\"title\": \"Error\", \"description\": \"Error\", \"has_iframe\": false, \"has_suspicious_scripts\": false, \"external_links_count\": 0, \"response_time\": 0, \"status_code\": 0}, \"verification\": {\"url\": \"https://isithacked.com/\", \"is_accessible\": true, \"semantic_match\": \"low\", \"keywords_match_score\": 0.0, \"title_similarity\": 0.0, \"content_similarity\": 0.05333333333333334, \"malicious_confirmed\": false, \"match_reason\": \"\", \"error\": null, \"verification_status\": \"clean\"}}, {\"url\": \"https://help.shodan.io/data-analysis/tracking-hacked-websites\", \"title\": \"Tracking Hacked Websites - Shodan Help Center\", \"snippet\": \"$ shodan download --limit -1 hacked 'http.title:\\\"hacked by\\\"' This saves the results into a file called hacked.json.gz. At this point, we want to extract the http.title * from the banners, grab the name \\u2026\", \"source\": \"bing_query_3\", \"deep_analysis\": {\"title\": \"Tracking Hacked Websites - Shodan Help Center\", \"description\": \"No Description\", \"has_iframe\": false, \"has_suspicious_scripts\": true, \"external_links_count\": 21, \"response_time\": 0.181788, \"status_code\": 200}, \"verification\": {\"url\": \"https://help.shodan.io/data-analysis/tracking-hacked-websites\", \"is_accessible\": true, \"semantic_match\": \"high\", \"keywords_match_score\": 0.0, \"title_similarity\": 1.0, \"content_similarity\": 0.10465116279069768, \"malicious_confirmed\": true, \"match_reason\": \"\", \"error\": null, \"verification_status\": \"live_malicious\"}}]}}, \"domain_info\": {\"registrar\": null, \"creation_date\": null, \"expiration_date\": null, \"name_servers\": null, \"status\": null}, \"backlinks\": [], \"total_pages\": 39, \"verified_scan\": true, \"graph_analysis\": {\"total_nodes\": 1, \"total_edges\": 0, \"orphan_pages\": [], \"isolated_clusters\": []}, \"subdomain_results\": {\"total_subdomains\": 10, \"subdomains\": [{\"subdomain\": \"p2k.unaki.ac.id\", \"ip\": \"103.241.179.22\", \"status\": \"active\"}, {\"subdomain\": \"staging.unaki.ac.id\", \"ip\": \"103.165.61.242\", \"status\": \"active\"}, {\"subdomain\": \"perpustakaan.unaki.ac.id\", \"ip\": \"103.165.61.242\", \"status\": \"active\"}, {\"subdomain\": \"www.unaki.ac.id\", \"ip\": \"103.165.61.242\", \"status\": \"active\"}, {\"subdomain\": \"sista.unaki.ac.id\", \"ip\": \"52.77.77.145\", \"status\": \"active\"}, {\"subdomain\": \"press.unaki.ac.id\", \"ip\": \"103.165.61.242\", \"status\": \"active\"}, {\"subdomain\": \"pmbonline.unaki.ac.id\", \"ip\": \"52.77.77.145\", \"status\": \"active\"}, {\"subdomain\": \"repositori.unaki.ac.id\", \"ip\": \"103.165.61.242\", \"status\": \"active\"}, {\"subdomain\": \"mail.unaki.ac.id\", \"ip\": \"172.217.194.121\", \"status\": \"active\"}, {\"subdomain\": \"unakiinsight.unaki.ac.id\", \"ip\": \"103.165.61.242\", \"status\": \"active\"}], \"techniques_used\": [\"dns_lookup\", \"web_search\"]}}", "error_message": null}}]